Date,Consolidated,Not consolidated
1 mars 2020,19,
2 mars 2020,19,
3 mars 2020,34,
4 mars 2020,53,
5 mars 2020,81,
6 mars 2020,110,
7 mars 2020,27,
8 mars 2020,64,
9 mars 2020,94,
10 mars 2020,99,
11 mars 2020,174,
12 mars 2020,250,
13 mars 2020,338,
14 mars 2020,179,
15 mars 2020,214,
16 mars 2020,387,
17 mars 2020,422,
18 mars 2020,534,
19 mars 2020,713,
20 mars 2020,662,
21 mars 2020,469,
22 mars 2020,486,
23 mars 2020,1328,
24 mars 2020,1195,
25 mars 2020,1199,
26 mars 2020,1363,
27 mars 2020,1518,
28 mars 2020,844,
29 mars 2020,683,
30 mars 2020,1738,
31 mars 2020,1681,
1 avr. 2020,1516,
2 avr. 2020,1478,
3 avr. 2020,1694,
4 avr. 2020,922,
5 avr. 2020,665,
6 avr. 2020,1934,
7 avr. 2020,1515,
8 avr. 2020,1598,
9 avr. 2020,2239,
10 avr. 2020,2336,
11 avr. 2020,1029,
12 avr. 2020,524,
13 avr. 2020,537,
14 avr. 2020,1560,
15 avr. 2020,1633,
16 avr. 2020,1674,
17 avr. 2020,1394,
18 avr. 2020,722,
19 avr. 2020,443,
20 avr. 2020,1276,
21 avr. 2020,1270,
22 avr. 2020,777,
23 avr. 2020,976,
24 avr. 2020,811,
25 avr. 2020,388,
26 avr. 2020,205,
27 avr. 2020,755,
28 avr. 2020,569,
29 avr. 2020,522,
30 avr. 2020,586,
1 mai 2020,237,
2 mai 2020,286,
3 mai 2020,140,
4 mai 2020,670,
5 mai 2020,546,
6 mai 2020,552,
7 mai 2020,442,
8 mai 2020,483,
9 mai 2020,240,
10 mai 2020,118,
11 mai 2020,476,
12 mai 2020,395,
13 mai 2020,321,
14 mai 2020,305,
15 mai 2020,346,
16 mai 2020,147,
17 mai 2020,81,
18 mai 2020,317,
19 mai 2020,292,
20 mai 2020,385,
21 mai 2020,70,
22 mai 2020,248,
23 mai 2020,123,
24 mai 2020,75,
25 mai 2020,314,
26 mai 2020,202,
27 mai 2020,182,
28 mai 2020,171,
29 mai 2020,165,
30 mai 2020,61,
31 mai 2020,49,
1 juin 2020,59,
2 juin 2020,181,
3 juin 2020,159,
4 juin 2020,172,
5 juin 2020,154,
6 juin 2020,69,
7 juin 2020,53,
8 juin 2020,152,
9 juin 2020,145,
10 juin 2020,119,
11 juin 2020,95,
12 juin 2020,89,
13 juin 2020,49,
14 juin 2020,22,
15 juin 2020,147,
16 juin 2020,99,
17 juin 2020,123,
18 juin 2020,108,
19 juin 2020,121,
20 juin 2020,50,
21 juin 2020,20,
22 juin 2020,143,
23 juin 2020,110,
24 juin 2020,100,
25 juin 2020,76,
26 juin 2020,113,
27 juin 2020,41,
28 juin 2020,24,
29 juin 2020,127,
30 juin 2020,100,
1 juil. 2020,135,
2 juil. 2020,93,
3 juil. 2020,94,
4 juil. 2020,64,
5 juil. 2020,24,
6 juil. 2020,112,
7 juil. 2020,99,
8 juil. 2020,137,
9 juil. 2020,124,
10 juil. 2020,127,
11 juil. 2020,62,
12 juil. 2020,43,
13 juil. 2020,224,
14 juil. 2020,207,
15 juil. 2020,260,
16 juil. 2020,226,
17 juil. 2020,274,
18 juil. 2020,130,
19 juil. 2020,64,
20 juil. 2020,443,
21 juil. 2020,145,
22 juil. 2020,553,
23 juil. 2020,439,
24 juil. 2020,496,
25 juil. 2020,229,
26 juil. 2020,184,
27 juil. 2020,595,
28 juil. 2020,685,
29 juil. 2020,703,
30 juil. 2020,635,
31 juil. 2020,684,
1 août 2020,309,
2 août 2020,148,
3 août 2020,794,
4 août 2020,813,
5 août 2020,767,
6 août 2020,769,
7 août 2020,771,
8 août 2020,304,
9 août 2020,122,
10 août 2020,873,
11 août 2020,718,
12 août 2020,609,
13 août 2020,669,
14 août 2020,587,
15 août 2020,163,
16 août 2020,132,
17 août 2020,707,
18 août 2020,725,
19 août 2020,612,
20 août 2020,581,
21 août 2020,510,
22 août 2020,203,
23 août 2020,115,
24 août 2020,607,
25 août 2020,527,
26 août 2020,526,
27 août 2020,535,
28 août 2020,614,
29 août 2020,195,
30 août 2020,117,
31 août 2020,634,
1 sept. 2020,565,
2 sept. 2020,574,
3 sept. 2020,677,
4 sept. 2020,728,
5 sept. 2020,322,
6 sept. 2020,155,
7 sept. 2020,918,
8 sept. 2020,871,
9 sept. 2020,1024,
10 sept. 2020,1143,
11 sept. 2020,1284,
12 sept. 2020,617,
13 sept. 2020,301,
14 sept. 2020,1724,
15 sept. 2020,1628,
16 sept. 2020,1943,
17 sept. 2020,1750,
18 sept. 2020,1709,
19 sept. 2020,894,
20 sept. 2020,461,
21 sept. 2020,2202,
22 sept. 2020,2074,
23 sept. 2020,2096,
24 sept. 2020,1795,
25 sept. 2020,1623,
26 sept. 2020,1078,
27 sept. 2020,560,
28 sept. 2020,2791,
29 sept. 2020,3008,
30 sept. 2020,3274,
1 oct. 2020,3421,
2 oct. 2020,3753,
3 oct. 2020,1728,
4 oct. 2020,1047,
5 oct. 2020,5302,
6 oct. 2020,5745,
7 oct. 2020,6886,
8 oct. 2020,6671,
9 oct. 2020,7945,
10 oct. 2020,4370,
11 oct. 2020,2409,
12 oct. 2020,9863,
13 oct. 2020,12768,
14 oct. 2020,12523,
15 oct. 2020,11990,
16 oct. 2020,13748,
17 oct. 2020,8137,
18 oct. 2020,4307,
19 oct. 2020,15760,
20 oct. 2020,19534,
21 oct. 2020,17528,
22 oct. 2020,17700,
23 oct. 2020,18879,
24 oct. 2020,11565,
25 oct. 2020,4879,
26 oct. 2020,19806,
27 oct. 2020,22128,
28 oct. 2020,17918,
29 oct. 2020,15045,
30 oct. 2020,15407,
31 oct. 2020,6317,
1 nov. 2020,2645,
2 nov. 2020,13805,
3 nov. 2020,12048,
4 nov. 2020,9195,
5 nov. 2020,7627,
6 nov. 2020,6592,
7 nov. 2020,2998,
8 nov. 2020,1446,
9 nov. 2020,8607,
10 nov. 2020,7628,
11 nov. 2020,1975,
12 nov. 2020,6442,
13 nov. 2020,5698,
14 nov. 2020,2366,
15 nov. 2020,1050,
16 nov. 2020,5813,
17 nov. 2020,4803,
18 nov. 2020,3670,
19 nov. 2020,2999,
20 nov. 2020,3081,
21 nov. 2020,1248,
22 nov. 2020,582,
23 nov. 2020,3926,
24 nov. 2020,2841,
25 nov. 2020,2644,
26 nov. 2020,2396,
27 nov. 2020,2711,
28 nov. 2020,1003,
29 nov. 2020,553,
30 nov. 2020,3277,
1 déc. 2020,2663,
2 déc. 2020,2587,
3 déc. 2020,2360,
4 déc. 2020,2546,
5 déc. 2020,1094,
6 déc. 2020,593,
7 déc. 2020,3335,
8 déc. 2020,2692,
9 déc. 2020,2737,
10 déc. 2020,2661,
11 déc. 2020,2884,
12 déc. 2020,1582,
13 déc. 2020,734,
14 déc. 2020,3799,
15 déc. 2020,3191,
16 déc. 2020,2739,
17 déc. 2020,2728,
18 déc. 2020,2731,
19 déc. 2020,1430,
20 déc. 2020,635,
21 déc. 2020,3300,
22 déc. 2020,2590,
23 déc. 2020,2358,
24 déc. 2020,1723,
25 déc. 2020,492,
26 déc. 2020,1090,
27 déc. 2020,529,
28 déc. 2020,2637,
29 déc. 2020,2261,
30 déc. 2020,1976,
31 déc. 2020,1625,
1 janv. 2021,469,
2 janv. 2021,1050,
3 janv. 2021,732,
4 janv. 2021,2902,
5 janv. 2021,2619,
6 janv. 2021,2288,
7 janv. 2021,1809,
8 janv. 2021,1935,
9 janv. 2021,1302,
10 janv. 2021,808,
11 janv. 2021,2844,
12 janv. 2021,2268,
13 janv. 2021,2045,
14 janv. 2021,2024,
15 janv. 2021,2070,
16 janv. 2021,1140,
17 janv. 2021,696,
18 janv. 2021,2933,
19 janv. 2021,2336,
20 janv. 2021,2411,
21 janv. 2021,2267,
22 janv. 2021,2524,
23 janv. 2021,1356,
24 janv. 2021,795,
25 janv. 2021,3283,
26 janv. 2021,2701,
27 janv. 2021,2508,
28 janv. 2021,2543,
29 janv. 2021,2940,
30 janv. 2021,1551,
31 janv. 2021,842,
1 févr. 2021,3299,
2 févr. 2021,2606,
3 févr. 2021,2345,
4 févr. 2021,2360,
5 févr. 2021,2410,
6 févr. 2021,1256,
7 févr. 2021,594,
8 févr. 2021,2536,
9 févr. 2021,2102,
10 févr. 2021,2108,
11 févr. 2021,2047,
12 févr. 2021,1998,
13 févr. 2021,1122,
14 févr. 2021,590,
15 févr. 2021,2721,
16 févr. 2021,2369,
17 févr. 2021,2520,
18 févr. 2021,2547,
19 févr. 2021,2811,
20 févr. 2021,1555,
21 févr. 2021,804,
22 févr. 2021,3335,
23 févr. 2021,2910,
24 févr. 2021,2748,
25 févr. 2021,2643,
26 févr. 2021,2800,
27 févr. 2021,1487,
28 févr. 2021,711,
1 mars 2021,3211,
2 mars 2021,2758,
3 mars 2021,2753,
4 mars 2021,2682,
5 mars 2021,2731,
6 mars 2021,1509,
7 mars 2021,786,
8 mars 2021,3685,
9 mars 2021,3383,
10 mars 2021,3387,
11 mars 2021,3498,
12 mars 2021,3752,
13 mars 2021,2174,
14 mars 2021,1383,
15 mars 2021,5257,
16 mars 2021,4599,
17 mars 2021,4835,
18 mars 2021,5036,
19 mars 2021,5182,
20 mars 2021,2843,
21 mars 2021,1576,
22 mars 2021,6287,
23 mars 2021,6037,
24 mars 2021,5564,
25 mars 2021,5623,
26 mars 2021,5740,
27 mars 2021,3056,
28 mars 2021,1691,
29 mars 2021,6154,
30 mars 2021,5197,
31 mars 2021,4727,
1 avr. 2021,4690,
2 avr. 2021,4892,
3 avr. 2021,2700,
4 avr. 2021,1513,
5 avr. 2021,1562,
6 avr. 2021,5259,
7 avr. 2021,4741,
8 avr. 2021,4467,
9 avr. 2021,4496,
10 avr. 2021,2362,
11 avr. 2021,1304,
12 avr. 2021,4734,
13 avr. 2021,4278,
14 avr. 2021,3897,
15 avr. 2021,3810,
16 avr. 2021,4018,
17 avr. 2021,2321,
18 avr. 2021,1312,
19 avr. 2021,5438,
20 avr. 2021,4458,
21 avr. 2021,4065,
22 avr. 2021,3803,
23 avr. 2021,3639,
24 avr. 2021,1889,
25 avr. 2021,1138,
26 avr. 2021,4271,
27 avr. 2021,3761,
28 avr. 2021,3447,
29 avr. 2021,3350,
30 avr. 2021,3489,
1 mai 2021,1335,
2 mai 2021,1137,
3 mai 2021,4334,
4 mai 2021,3657,
5 mai 2021,3607,
6 mai 2021,3518,
7 mai 2021,3292,
8 mai 2021,1714,
9 mai 2021,856,
10 mai 2021,3362,
11 mai 2021,2989,
12 mai 2021,2805,
13 mai 2021,946,
14 mai 2021,2555,
15 mai 2021,1254,
16 mai 2021,737,
17 mai 2021,3581,
18 mai 2021,3259,
19 mai 2021,3119,
20 mai 2021,2409,
21 mai 2021,2425,
22 mai 2021,1435,
23 mai 2021,774,
24 mai 2021,898,
25 mai 2021,2792,
26 mai 2021,2534,
27 mai 2021,2212,
28 mai 2021,2023,
29 mai 2021,1116,
30 mai 2021,603,
31 mai 2021,2027,
1 juin 2021,1683,
2 juin 2021,1500,
3 juin 2021,1466,
4 juin 2021,1347,
5 juin 2021,647,
6 juin 2021,400,
7 juin 2021,1237,
8 juin 2021,1040,
9 juin 2021,840,
10 juin 2021,764,
11 juin 2021,778,
12 juin 2021,390,
13 juin 2021,209,
14 juin 2021,765,
15 juin 2021,535,
16 juin 2021,419,
17 juin 2021,450,
18 juin 2021,424,
19 juin 2021,274,
20 juin 2021,140,
21 juin 2021,481,
22 juin 2021,365,
23 juin 2021,396,
24 juin 2021,339,
25 juin 2021,398,
26 juin 2021,260,
27 juin 2021,177,
28 juin 2021,598,
29 juin 2021,557,
30 juin 2021,627,
1 juil. 2021,676,
2 juil. 2021,729,
3 juil. 2021,521,
4 juil. 2021,366,
5 juil. 2021,998,
6 juil. 2021,1041,
7 juil. 2021,1173,
8 juil. 2021,1227,
9 juil. 2021,1291,
10 juil. 2021,1004,
11 juil. 2021,781,
12 juil. 2021,1763,
13 juil. 2021,1429,
14 juil. 2021,1446,
15 juil. 2021,1390,
16 juil. 2021,1571,
17 juil. 2021,1105,
18 juil. 2021,838,
19 juil. 2021,2132,
20 juil. 2021,1955,
21 juil. 2021,788,
22 juil. 2021,1914,
23 juil. 2021,1656,
24 juil. 2021,1158,
25 juil. 2021,784,
26 juil. 2021,2112,
27 juil. 2021,1600,
28 juil. 2021,1752,
29 juil. 2021,1782,
30 juil. 2021,1798,
31 juil. 2021,1187,
1 août 2021,1056,
2 août 2021,2251,
3 août 2021,1948,
4 août 2021,1874,
5 août 2021,1836,
6 août 2021,2133,
7 août 2021,1275,
8 août 2021,920,
9 août 2021,2596,
10 août 2021,2218,
11 août 2021,1992,
12 août 2021,2158,
13 août 2021,2273,
14 août 2021,1352,
15 août 2021,766,
16 août 2021,2829,
17 août 2021,2248,
18 août 2021,2267,
19 août 2021,2007,
20 août 2021,2245,
21 août 2021,1285,
22 août 2021,956,
23 août 2021,2654,
24 août 2021,2460,
25 août 2021,2394,
26 août 2021,2186,
27 août 2021,2218,
28 août 2021,1371,
29 août 2021,834,
30 août 2021,2945,
31 août 2021,2357,
1 sept. 2021,2224,
2 sept. 2021,2109,
3 sept. 2021,2155,
4 sept. 2021,1238,
5 sept. 2021,734,
6 sept. 2021,2801,
7 sept. 2021,2361,
8 sept. 2021,2189,
9 sept. 2021,2107,
10 sept. 2021,2325,
11 sept. 2021,1306,
12 sept. 2021,680,
13 sept. 2021,2928,
14 sept. 2021,2498,
15 sept. 2021,2319,
16 sept. 2021,2424,
17 sept. 2021,2392,
18 sept. 2021,1259,
19 sept. 2021,652,
20 sept. 2021,2941,
21 sept. 2021,2270,
22 sept. 2021,2170,
23 sept. 2021,2079,
24 sept. 2021,2253,
25 sept. 2021,1217,
26 sept. 2021,722,
27 sept. 2021,2627,
28 sept. 2021,2391,
29 sept. 2021,2168,
30 sept. 2021,2167,
1 oct. 2021,2149,
2 oct. 2021,1150,
3 oct. 2021,679,
4 oct. 2021,2789,
5 oct. 2021,2290,
6 oct. 2021,2545,
7 oct. 2021,2518,
8 oct. 2021,2554,
9 oct. 2021,1423,
10 oct. 2021,821,
11 oct. 2021,3923,
12 oct. 2021,3437,
13 oct. 2021,3599,
14 oct. 2021,3895,
15 oct. 2021,4174,
16 oct. 2021,2380,
17 oct. 2021,1489,
18 oct. 2021,6574,
19 oct. 2021,6312,
20 oct. 2021,6555,
21 oct. 2021,6909,
22 oct. 2021,7145,
23 oct. 2021,4092,
24 oct. 2021,2451,
25 oct. 2021,9709,
26 oct. 2021,9411,
27 oct. 2021,9221,
28 oct. 2021,9197,
29 oct. 2021,9294,
30 oct. 2021,4971,
31 oct. 2021,3061,
1 nov. 2021,3578,
2 nov. 2021,11714,
3 nov. 2021,10709,
4 nov. 2021,10187,
5 nov. 2021,11135,
6 nov. 2021,6456,
7 nov. 2021,4077,
8 nov. 2021,15261,
9 nov. 2021,13021,
10 nov. 2021,12755,
11 nov. 2021,5053,
12 nov. 2021,13745,
13 nov. 2021,8367,
14 nov. 2021,5498,
15 nov. 2021,20843,
16 nov. 2021,18428,
17 nov. 2021,18150,
18 nov. 2021,18582,
19 nov. 2021,19164,
20 nov. 2021,11227,
21 nov. 2021,6744,
22 nov. 2021,25633,
23 nov. 2021,21153,
24 nov. 2021,20196,
25 nov. 2021,20230,
26 nov. 2021,20054,
27 nov. 2021,11602,
28 nov. 2021,7075,
29 nov. 2021,25214,
30 nov. 2021,20871,
1 déc. 2021,19691,
2 déc. 2021,18330,
3 déc. 2021,17784,
4 déc. 2021,9640,
5 déc. 2021,5979,
6 déc. 2021,20755,
7 déc. 2021,15692,
8 déc. 2021,15087,
9 déc. 2021,13444,
10 déc. 2021,13112,
11 déc. 2021,7108,
12 déc. 2021,3909,
13 déc. 2021,13891,
14 déc. 2021,10595,
15 déc. 2021,9297,
16 déc. 2021,8124,
17 déc. 2021,7762,
18 déc. 2021,4769,
19 déc. 2021,2857,
20 déc. 2021,9125,
21 déc. 2021,7384,
22 déc. 2021,7403,
23 déc. 2021,7530,
24 déc. 2021,6524,
25 déc. 2021,2826,
26 déc. 2021,4572,
27 déc. 2021,13310,
28 déc. 2021,12832,
29 déc. 2021,15064,
30 déc. 2021,16090,
31 déc. 2021,12299,
1 janv. 2022,4074,
2 janv. 2022,9092,
3 janv. 2022,27602,
4 janv. 2022,28167,
5 janv. 2022,26075,
6 janv. 2022,23677,
7 janv. 2022,23841,
8 janv. 2022,15377,
9 janv. 2022,11238,
10 janv. 2022,37799,
11 janv. 2022,31745,
12 janv. 2022,31197,
13 janv. 2022,30151,
14 janv. 2022,31900,
15 janv. 2022,21214,
16 janv. 2022,15013,
17 janv. 2022,62785,
18 janv. 2022,60804,
19 janv. 2022,61008,
20 janv. 2022,57370,
21 janv. 2022,56553,
22 janv. 2022,32850,
23 janv. 2022,20761,
24 janv. 2022,76079,
25 janv. 2022,62632,
26 janv. 2022,54895,
27 janv. 2022,47607,
28 janv. 2022,41516,
29 janv. 2022,23280,
30 janv. 2022,13224,
31 janv. 2022,50131,
1 févr. 2022,36846,
2 févr. 2022,30929,
3 févr. 2022,25963,
4 févr. 2022,22463,
5 févr. 2022,12506,
6 févr. 2022,7298,
7 févr. 2022,27500,
8 févr. 2022,19480,
9 févr. 2022,16847,
10 févr. 2022,14269,
11 févr. 2022,12232,
12 févr. 2022,6778,
13 févr. 2022,4859,
14 févr. 2022,16541,
15 févr. 2022,11587,
16 févr. 2022,10644,
17 févr. 2022,9312,
18 févr. 2022,7753,
19 févr. 2022,4519,
20 févr. 2022,2938,
21 févr. 2022,10991,
22 févr. 2022,8021,
23 févr. 2022,7632,
24 févr. 2022,6702,
25 févr. 2022,5856,
26 févr. 2022,3399,
27 févr. 2022,2345,
28 févr. 2022,8342,
1 mars 2022,6912,
2 mars 2022,7599,
3 mars 2022,7183,
4 mars 2022,6950,
5 mars 2022,4196,
6 mars 2022,3535,
7 mars 2022,12386,
8 mars 2022,9162,
9 mars 2022,9449,
10 mars 2022,8705,
11 mars 2022,8650,
12 mars 2022,5135,
13 mars 2022,4009,
14 mars 2022,15956,
15 mars 2022,12505,
16 mars 2022,12410,
17 mars 2022,11317,
18 mars 2022,10172,
19 mars 2022,5751,
20 mars 2022,4129,
21 mars 2022,18166,
22 mars 2022,13653,
23 mars 2022,13681,
24 mars 2022,12584,
25 mars 2022,11213,
26 mars 2022,5923,
27 mars 2022,3687,
28 mars 2022,18074,
29 mars 2022,13123,
30 mars 2022,12092,
31 mars 2022,11075,
1 avr. 2022,9186,
2 avr. 2022,5181,
3 avr. 2022,3109,
4 avr. 2022,14718,
5 avr. 2022,11045,
6 avr. 2022,11048,
7 avr. 2022,9988,
8 avr. 2022,9087,
9 avr. 2022,4614,
10 avr. 2022,2558,
11 avr. 2022,12864,
12 avr. 2022,9189,
13 avr. 2022,8805,
14 avr. 2022,8216,
15 avr. 2022,7436,
16 avr. 2022,3836,
17 avr. 2022,2377,
18 avr. 2022,3063,
19 avr. 2022,11658,
20 avr. 2022,8124,
21 avr. 2022,6892,
22 avr. 2022,6097,
23 avr. 2022,2919,
24 avr. 2022,1612,
25 avr. 2022,8479,
26 avr. 2022,6037,
27 avr. 2022,5378,
28 avr. 2022,4880,
29 avr. 2022,4386,
30 avr. 2022,2425,
1 mai 2022,1217,
2 mai 2022,7230,
3 mai 2022,5530,
4 mai 2022,5220,
5 mai 2022,4966,
6 mai 2022,4488,
7 mai 2022,2247,
8 mai 2022,1183,
9 mai 2022,6602,
10 mai 2022,4920,
11 mai 2022,4213,
12 mai 2022,3708,
13 mai 2022,3231,
14 mai 2022,1482,
15 mai 2022,743,
16 mai 2022,4418,
17 mai 2022,3257,
18 mai 2022,2760,
19 mai 2022,2198,
20 mai 2022,2034,
21 mai 2022,1034,
22 mai 2022,500,
23 mai 2022,2615,
24 mai 2022,1757,
25 mai 2022,1603,
26 mai 2022,429,
27 mai 2022,1520,
28 mai 2022,829,
29 mai 2022,439,
30 mai 2022,2686,
31 mai 2022,1940,
1 juin 2022,1906,
2 juin 2022,1735,
3 juin 2022,1586,
4 juin 2022,944,
5 juin 2022,662,
6 juin 2022,822,
7 juin 2022,3443,
8 juin 2022,2598,
9 juin 2022,2435,
10 juin 2022,2389,
11 juin 2022,1210,
12 juin 2022,697,
13 juin 2022,4395,
14 juin 2022,3430,
15 juin 2022,3363,
16 juin 2022,3122,
17 juin 2022,3254,
18 juin 2022,1665,
19 juin 2022,967,
20 juin 2022,5726,
21 juin 2022,4482,
22 juin 2022,4890,
23 juin 2022,4839,
24 juin 2022,4551,
25 juin 2022,2491,
26 juin 2022,1388,
27 juin 2022,8276,
28 juin 2022,6700,
29 juin 2022,7119,
30 juin 2022,6667,
1 juil. 2022,6468,
2 juil. 2022,3439,
3 juil. 2022,1960,
4 juil. 2022,11920,
5 juil. 2022,9854,
6 juil. 2022,9782,
7 juil. 2022,9099,
8 juil. 2022,8206,
9 juil. 2022,4060,
10 juil. 2022,2175,
11 juil. 2022,12430,
12 juil. 2022,9287,
13 juil. 2022,8514,
14 juil. 2022,7119,
15 juil. 2022,6479,
16 juil. 2022,2986,
17 juil. 2022,1462,
18 juil. 2022,8031,
19 juil. 2022,5472,
20 juil. 2022,5218,
21 juil. 2022,1359,
22 juil. 2022,5715,
23 juil. 2022,2378,
24 juil. 2022,1373,
25 juil. 2022,7229,
26 juil. 2022,5013,
27 juil. 2022,4533,
28 juil. 2022,3889,
29 juil. 2022,3607,
30 juil. 2022,1726,
31 juil. 2022,1042,
1 août 2022,5521,
2 août 2022,3604,
3 août 2022,3208,
4 août 2022,2792,
5 août 2022,2572,
6 août 2022,1161,
7 août 2022,678,
8 août 2022,3713,
9 août 2022,2722,
10 août 2022,2448,
11 août 2022,2371,
12 août 2022,2053,
13 août 2022,1032,
14 août 2022,665,
15 août 2022,736,
16 août 2022,3443,
17 août 2022,2420,
18 août 2022,2005,
19 août 2022,1729,
20 août 2022,874,
21 août 2022,489,
22 août 2022,2754,
23 août 2022,1867,
24 août 2022,1804,
25 août 2022,1610,
26 août 2022,1519,
27 août 2022,731,
28 août 2022,464,
29 août 2022,2365,
30 août 2022,1841,
31 août 2022,1778,
1 sept. 2022,1657,
2 sept. 2022,1637,
3 sept. 2022,782,
4 sept. 2022,441,
5 sept. 2022,2762,
6 sept. 2022,1952,
7 sept. 2022,1877,
8 sept. 2022,1855,
9 sept. 2022,1672,
10 sept. 2022,808,
11 sept. 2022,470,
12 sept. 2022,3090,
13 sept. 2022,2456,
14 sept. 2022,2238,
15 sept. 2022,2053,
16 sept. 2022,1903,
17 sept. 2022,908,
18 sept. 2022,509,
19 sept. 2022,3647,
20 sept. 2022,2772,
21 sept. 2022,2776,
22 sept. 2022,2691,
23 sept. 2022,2461,
24 sept. 2022,1221,
25 sept. 2022,660,
26 sept. 2022,4826,
27 sept. 2022,3540,
28 sept. 2022,3432,
29 sept. 2022,3388,
30 sept. 2022,2947,
1 oct. 2022,1438,
2 oct. 2022,765,
3 oct. 2022,5322,
4 oct. 2022,4315,
5 oct. 2022,3948,
6 oct. 2022,3430,
7 oct. 2022,3102,
8 oct. 2022,1431,
9 oct. 2022,711,
10 oct. 2022,4950,
11 oct. 2022,3608,
12 oct. 2022,3058,
13 oct. 2022,2963,
14 oct. 2022,2715,
15 oct. 2022,1079,
16 oct. 2022,557,
17 oct. 2022,3880,
18 oct. 2022,2465,
19 oct. 2022,2063,
20 oct. 2022,1792,
21 oct. 2022,1598,
22 oct. 2022,713,
23 oct. 2022,397,
24 oct. 2022,2278,
25 oct. 2022,1511,
26 oct. 2022,1354,
27 oct. 2022,1145,
28 oct. 2022,927,
29 oct. 2022,415,
30 oct. 2022,225,
31 oct. 2022,993,
1 nov. 2022,214,
2 nov. 2022,1122,
3 nov. 2022,815,
4 nov. 2022,812,
5 nov. 2022,364,
6 nov. 2022,273,
7 nov. 2022,1326,
8 nov. 2022,911,
9 nov. 2022,806,
10 nov. 2022,719,
11 nov. 2022,202,
12 nov. 2022,351,
13 nov. 2022,201,
14 nov. 2022,1156,
15 nov. 2022,932,
16 nov. 2022,915,
17 nov. 2022,863,
18 nov. 2022,849,
19 nov. 2022,393,
20 nov. 2022,220,
21 nov. 2022,1446,
22 nov. 2022,1149,
23 nov. 2022,1189,
24 nov. 2022,1173,
25 nov. 2022,1080,
26 nov. 2022,506,
27 nov. 2022,279,
28 nov. 2022,1968,
29 nov. 2022,1455,
30 nov. 2022,1430,
1 déc. 2022,1317,
2 déc. 2022,1214,
3 déc. 2022,550,
4 déc. 2022,316,
5 déc. 2022,2099,
6 déc. 2022,1804,
7 déc. 2022,1763,
8 déc. 2022,1611,
9 déc. 2022,1567,
10 déc. 2022,677,
11 déc. 2022,431,
12 déc. 2022,2374,
13 déc. 2022,1803,
14 déc. 2022,1816,
15 déc. 2022,1585,
16 déc. 2022,1433,
17 déc. 2022,648,
18 déc. 2022,441,
19 déc. 2022,2273,
20 déc. 2022,1760,
21 déc. 2022,1818,
22 déc. 2022,1576,
23 déc. 2022,1338,
24 déc. 2022,554,
25 déc. 2022,360,
26 déc. 2022,1268,
27 déc. 2022,1178,
28 déc. 2022,1049,
29 déc. 2022,1023,
30 déc. 2022,942,
31 déc. 2022,395,
1 janv. 2023,224,
2 janv. 2023,1119,
3 janv. 2023,842,
4 janv. 2023,748,
5 janv. 2023,692,
6 janv. 2023,662,
7 janv. 2023,243,
8 janv. 2023,171,
9 janv. 2023,827,
10 janv. 2023,489,
11 janv. 2023,514,
12 janv. 2023,421,
13 janv. 2023,423,
14 janv. 2023,181,
15 janv. 2023,151,
16 janv. 2023,568,
17 janv. 2023,465,
18 janv. 2023,388,
19 janv. 2023,361,
20 janv. 2023,327,
21 janv. 2023,158,
22 janv. 2023,119,
23 janv. 2023,669,
24 janv. 2023,535,
25 janv. 2023,531,
26 janv. 2023,594,
27 janv. 2023,561,
28 janv. 2023,259,
29 janv. 2023,197,
30 janv. 2023,1107,
31 janv. 2023,785,
1 févr. 2023,881,
2 févr. 2023,829,
3 févr. 2023,770,
4 févr. 2023,357,
5 févr. 2023,223,
6 févr. 2023,1513,
7 févr. 2023,1039,
8 févr. 2023,1005,
9 févr. 2023,1085,
10 févr. 2023,986,
11 févr. 2023,449,
12 févr. 2023,342,
13 févr. 2023,2085,
14 févr. 2023,1507,
15 févr. 2023,1508,
16 févr. 2023,1495,
17 févr. 2023,1427,
18 févr. 2023,595,
19 févr. 2023,402,
20 févr. 2023,2336,
21 févr. 2023,1742,
22 févr. 2023,1627,
23 févr. 2023,1567,
24 févr. 2023,1462,
25 févr. 2023,626,
26 févr. 2023,418,
27 févr. 2023,2625,
28 févr. 2023,1869,
1 mars 2023,1758,
2 mars 2023,1792,
3 mars 2023,1688,
4 mars 2023,670,
5 mars 2023,504,
6 mars 2023,3060,
7 mars 2023,2285,
8 mars 2023,2041,
9 mars 2023,2040,
10 mars 2023,1884,
11 mars 2023,693,
12 mars 2023,468,
13 mars 2023,2972,
14 mars 2023,2182,
15 mars 2023,1892,
16 mars 2023,1802,
17 mars 2023,1568,
18 mars 2023,679,
19 mars 2023,396,
20 mars 2023,2450,
21 mars 2023,1836,
22 mars 2023,1558,
23 mars 2023,1591,
24 mars 2023,1398,
25 mars 2023,523,
26 mars 2023,370,
27 mars 2023,1709,
28 mars 2023,1301,
29 mars 2023,1191,
30 mars 2023,1051,
31 mars 2023,975,
1 avr. 2023,397,
2 avr. 2023,253,
3 avr. 2023,1241,
4 avr. 2023,902,
5 avr. 2023,807,
6 avr. 2023,728,
7 avr. 2023,716,
8 avr. 2023,304,
9 avr. 2023,229,
10 avr. 2023,246,
11 avr. 2023,953,
12 avr. 2023,790,
13 avr. 2023,602,
14 avr. 2023,566,
15 avr. 2023,254,
16 avr. 2023,198,
17 avr. 2023,793,
18 avr. 2023,516,
19 avr. 2023,523,
20 avr. 2023,484,
21 avr. 2023,425,
22 avr. 2023,188,
23 avr. 2023,135,
24 avr. 2023,606,
25 avr. 2023,494,
26 avr. 2023,421,
27 avr. 2023,345,
28 avr. 2023,303,
29 avr. 2023,155,
30 avr. 2023,140,
1 mai 2023,139,
2 mai 2023,419,
3 mai 2023,324,
4 mai 2023,263,
5 mai 2023,277,
6 mai 2023,134,
7 mai 2023,107,
8 mai 2023,315,
9 mai 2023,275,
10 mai 2023,193,
11 mai 2023,163,
12 mai 2023,173,
13 mai 2023,76,
14 mai 2023,75,
15 mai 2023,233,
16 mai 2023,200,
17 mai 2023,178,
18 mai 2023,58,
19 mai 2023,136,
20 mai 2023,88,
21 mai 2023,59,
22 mai 2023,231,
23 mai 2023,135,
24 mai 2023,139,
25 mai 2023,115,
26 mai 2023,106,
27 mai 2023,72,
28 mai 2023,47,
29 mai 2023,49,
30 mai 2023,120,
31 mai 2023,95,
1 juin 2023,80,
2 juin 2023,82,
3 juin 2023,49,
4 juin 2023,36,
5 juin 2023,129,
6 juin 2023,76,
7 juin 2023,83,
8 juin 2023,88,
9 juin 2023,71,
10 juin 2023,26,
11 juin 2023,42,
12 juin 2023,70,
13 juin 2023,71,
14 juin 2023,46,
15 juin 2023,38,
16 juin 2023,39,
17 juin 2023,22,
18 juin 2023,16,
19 juin 2023,49,
20 juin 2023,43,
21 juin 2023,34,
22 juin 2023,42,
23 juin 2023,30,
24 juin 2023,12,
25 juin 2023,10,
26 juin 2023,39,
27 juin 2023,38,
28 juin 2023,36,
29 juin 2023,18,
30 juin 2023,26,
1 juil. 2023,20,
2 juil. 2023,9,
3 juil. 2023,22,
4 juil. 2023,33,
5 juil. 2023,26,
6 juil. 2023,27,
7 juil. 2023,23,
8 juil. 2023,18,
9 juil. 2023,22,
10 juil. 2023,42,
11 juil. 2023,37,
12 juil. 2023,39,
13 juil. 2023,38,
14 juil. 2023,29,
15 juil. 2023,19,
16 juil. 2023,17,
17 juil. 2023,29,
18 juil. 2023,33,
19 juil. 2023,54,
20 juil. 2023,29,
21 juil. 2023,12,
22 juil. 2023,26,
23 juil. 2023,26,
24 juil. 2023,59,
25 juil. 2023,47,
26 juil. 2023,52,
27 juil. 2023,60,
28 juil. 2023,60,
29 juil. 2023,27,
30 juil. 2023,27,
31 juil. 2023,105,
1 août 2023,65,
2 août 2023,91,
3 août 2023,94,
4 août 2023,104,
5 août 2023,48,
6 août 2023,56,
7 août 2023,156,
8 août 2023,150,
9 août 2023,133,
10 août 2023,149,
11 août 2023,127,
12 août 2023,94,
13 août 2023,82,
14 août 2023,216,
15 août 2023,96,
16 août 2023,287,
17 août 2023,232,
18 août 2023,229,
19 août 2023,98,
20 août 2023,105,
21 août 2023,336,
22 août 2023,284,
23 août 2023,267,
24 août 2023,263,
25 août 2023,274,
26 août 2023,145,
27 août 2023,148,
28 août 2023,410,
29 août 2023,332,
30 août 2023,356,
31 août 2023,311,
1 sept. 2023,313,
2 sept. 2023,209,
3 sept. 2023,187,
4 sept. 2023,613,
5 sept. 2023,473,
6 sept. 2023,421,
7 sept. 2023,442,
8 sept. 2023,407,
9 sept. 2023,200,
10 sept. 2023,207,
11 sept. 2023,541,
12 sept. 2023,505,
13 sept. 2023,376,
14 sept. 2023,386,
15 sept. 2023,351,
16 sept. 2023,192,
17 sept. 2023,181,
18 sept. 2023,501,
19 sept. 2023,405,
20 sept. 2023,398,
21 sept. 2023,362,
22 sept. 2023,326,
23 sept. 2023,150,
24 sept. 2023,165,
25 sept. 2023,507,
26 sept. 2023,414,
27 sept. 2023,380,
28 sept. 2023,405,
29 sept. 2023,373,
30 sept. 2023,184,
1 oct. 2023,159,
2 oct. 2023,474,
3 oct. 2023,407,
4 oct. 2023,366,
5 oct. 2023,327,
6 oct. 2023,325,
7 oct. 2023,161,
8 oct. 2023,203,
9 oct. 2023,433,
10 oct. 2023,362,
11 oct. 2023,320,
12 oct. 2023,298,
13 oct. 2023,291,
14 oct. 2023,157,
15 oct. 2023,119,
16 oct. 2023,334,
17 oct. 2023,278,
18 oct. 2023,300,
19 oct. 2023,293,
20 oct. 2023,325,
21 oct. 2023,182,
22 oct. 2023,157,
23 oct. 2023,365,
24 oct. 2023,271,
25 oct. 2023,246,
26 oct. 2023,290,
27 oct. 2023,250,
28 oct. 2023,132,
29 oct. 2023,128,
30 oct. 2023,273,
31 oct. 2023,241,
1 nov. 2023,132,
2 nov. 2023,247,
3 nov. 2023,218,
4 nov. 2023,117,
5 nov. 2023,130,
6 nov. 2023,307,
7 nov. 2023,217,
8 nov. 2023,226,
9 nov. 2023,204,
10 nov. 2023,220,
11 nov. 2023,119,
12 nov. 2023,105,
13 nov. 2023,287,
14 nov. 2023,262,
15 nov. 2023,232,
16 nov. 2023,198,
17 nov. 2023,256,
18 nov. 2023,129,
19 nov. 2023,115,
20 nov. 2023,320,
21 nov. 2023,287,
22 nov. 2023,258,
23 nov. 2023,299,
24 nov. 2023,245,
25 nov. 2023,134,
26 nov. 2023,140,
27 nov. 2023,443,
28 nov. 2023,345,
29 nov. 2023,330,
30 nov. 2023,312,
1 déc. 2023,362,
2 déc. 2023,242,
3 déc. 2023,213,
4 déc. 2023,510,
5 déc. 2023,553,
6 déc. 2023,537,
7 déc. 2023,465,
8 déc. 2023,559,
9 déc. 2023,353,
10 déc. 2023,345,
11 déc. 2023,889,
12 déc. 2023,760,
13 déc. 2023,679,
14 déc. 2023,579,
15 déc. 2023,553,
16 déc. 2023,298,
17 déc. 2023,314,
18 déc. 2023,691,
19 déc. 2023,617,
20 déc. 2023,620,
21 déc. 2023,650,
22 déc. 2023,581,
23 déc. 2023,350,
24 déc. 2023,322,
25 déc. 2023,343,
26 déc. 2023,570,
27 déc. 2023,578,
28 déc. 2023,532,
29 déc. 2023,503,
30 déc. 2023,340,
31 déc. 2023,236,
1 janv. 2024,252,
2 janv. 2024,489,
3 janv. 2024,422,
4 janv. 2024,381,
5 janv. 2024,377,
6 janv. 2024,181,
7 janv. 2024,183,
8 janv. 2024,344,
9 janv. 2024,228,
10 janv. 2024,263,
11 janv. 2024,258,
12 janv. 2024,257,
13 janv. 2024,173,
14 janv. 2024,179,
15 janv. 2024,336,
16 janv. 2024,328,
17 janv. 2024,266,
18 janv. 2024,261,
19 janv. 2024,249,
20 janv. 2024,136,
21 janv. 2024,171,
22 janv. 2024,338,
23 janv. 2024,261,
24 janv. 2024,256,
25 janv. 2024,253,
26 janv. 2024,269,
27 janv. 2024,146,
28 janv. 2024,144,
29 janv. 2024,292,
30 janv. 2024,188,
31 janv. 2024,195,
1 févr. 2024,195,
2 févr. 2024,208,
3 févr. 2024,114,
4 févr. 2024,114,
5 févr. 2024,219,
6 févr. 2024,201,
7 févr. 2024,173,
8 févr. 2024,156,
9 févr. 2024,125,
10 févr. 2024,92,
11 févr. 2024,86,
12 févr. 2024,136,
13 févr. 2024,128,
14 févr. 2024,119,
15 févr. 2024,102,
16 févr. 2024,103,
17 févr. 2024,57,
18 févr. 2024,77,
19 févr. 2024,104,
20 févr. 2024,88,
21 févr. 2024,83,
22 févr. 2024,78,
23 févr. 2024,93,
24 févr. 2024,53,
25 févr. 2024,40,
26 févr. 2024,71,
27 févr. 2024,50,
28 févr. 2024,61,
29 févr. 2024,56,
1 mars 2024,63,
2 mars 2024,34,
3 mars 2024,41,
4 mars 2024,49,
5 mars 2024,41,
6 mars 2024,41,
7 mars 2024,42,
8 mars 2024,60,
9 mars 2024,30,
10 mars 2024,35,
11 mars 2024,63,
12 mars 2024,37,
13 mars 2024,51,
14 mars 2024,36,
15 mars 2024,51,
16 mars 2024,23,
17 mars 2024,20,
18 mars 2024,40,
19 mars 2024,28,
20 mars 2024,30,
21 mars 2024,37,
22 mars 2024,33,
23 mars 2024,26,
24 mars 2024,19,
25 mars 2024,35,
26 mars 2024,24,
27 mars 2024,39,
28 mars 2024,31,
29 mars 2024,36,
30 mars 2024,17,
31 mars 2024,12,
1 avr. 2024,19,
2 avr. 2024,28,
3 avr. 2024,33,
4 avr. 2024,26,
5 avr. 2024,20,
6 avr. 2024,19,
7 avr. 2024,18,
8 avr. 2024,21,
9 avr. 2024,16,
10 avr. 2024,15,
11 avr. 2024,11,
12 avr. 2024,24,
13 avr. 2024,13,
14 avr. 2024,12,
15 avr. 2024,28,
16 avr. 2024,26,
17 avr. 2024,20,
18 avr. 2024,21,
19 avr. 2024,16,
20 avr. 2024,5,
21 avr. 2024,16,
22 avr. 2024,27,
23 avr. 2024,25,
24 avr. 2024,23,
25 avr. 2024,23,
26 avr. 2024,21,
27 avr. 2024,21,
28 avr. 2024,21,
29 avr. 2024,28,
30 avr. 2024,29,
1 mai 2024,11,
2 mai 2024,32,
3 mai 2024,30,
4 mai 2024,17,
5 mai 2024,18,
6 mai 2024,26,
7 mai 2024,29,
8 mai 2024,22,
9 mai 2024,17,
10 mai 2024,23,
11 mai 2024,14,
12 mai 2024,20,
13 mai 2024,37,
14 mai 2024,33,
15 mai 2024,47,
16 mai 2024,36,
17 mai 2024,25,
18 mai 2024,14,
19 mai 2024,25,
20 mai 2024,24,
21 mai 2024,40,
22 mai 2024,36,
23 mai 2024,43,
24 mai 2024,18,
25 mai 2024,21,
26 mai 2024,35,
27 mai 2024,42,
28 mai 2024,39,
29 mai 2024,38,
30 mai 2024,41,
31 mai 2024,41,
1 juin 2024,24,
2 juin 2024,33,
3 juin 2024,56,
4 juin 2024,54,
5 juin 2024,80,
6 juin 2024,76,
7 juin 2024,67,
8 juin 2024,47,
9 juin 2024,49,
10 juin 2024,105,
11 juin 2024,74,
12 juin 2024,109,
13 juin 2024,93,
14 juin 2024,101,
15 juin 2024,107,
16 juin 2024,83,
17 juin 2024,170,
18 juin 2024,156,
19 juin 2024,163,
20 juin 2024,152,
21 juin 2024,160,
22 juin 2024,96,
23 juin 2024,104,
24 juin 2024,251,
25 juin 2024,178,
26 juin 2024,191,
27 juin 2024,174,
28 juin 2024,151,
29 juin 2024,94,
30 juin 2024,93,
1 juil. 2024,170,
2 juil. 2024,191,
3 juil. 2024,192,
4 juil. 2024,150,
5 juil. 2024,178,
6 juil. 2024,110,
7 juil. 2024,116,
8 juil. 2024,278,
9 juil. 2024,241,
10 juil. 2024,271,
11 juil. 2024,267,
12 juil. 2024,238,
13 juil. 2024,127,
14 juil. 2024,153,
15 juil. 2024,303,
16 juil. 2024,284,
17 juil. 2024,274,
18 juil. 2024,273,
19 juil. 2024,266,
20 juil. 2024,169,
21 juil. 2024,158,
22 juil. 2024,289,
23 juil. 2024,244,
24 juil. 2024,208,
25 juil. 2024,216,
26 juil. 2024,196,
27 juil. 2024,148,
28 juil. 2024,123,
29 juil. 2024,264,
30 juil. 2024,206,
31 juil. 2024,233,
1 août 2024,206,
2 août 2024,176,
3 août 2024,120,
4 août 2024,114,
5 août 2024,186,
6 août 2024,186,
7 août 2024,177,
8 août 2024,182,
9 août 2024,186,
10 août 2024,116,
11 août 2024,107,
12 août 2024,202,
13 août 2024,145,
14 août 2024,151,
15 août 2024,97,
16 août 2024,147,
17 août 2024,88,
18 août 2024,103,
19 août 2024,168,
20 août 2024,126,
21 août 2024,158,
22 août 2024,144,
23 août 2024,163,
24 août 2024,106,
25 août 2024,91,
26 août 2024,191,
27 août 2024,140,
28 août 2024,184,
29 août 2024,196,
30 août 2024,215,
31 août 2024,111,
1 sept. 2024,146,
2 sept. 2024,253,
3 sept. 2024,216,
4 sept. 2024,227,
5 sept. 2024,174,
6 sept. 2024,190,
7 sept. 2024,142,
8 sept. 2024,150,
9 sept. 2024,283,
10 sept. 2024,217,
11 sept. 2024,219,
12 sept. 2024,200,
13 sept. 2024,209,
14 sept. 2024,134,
15 sept. 2024,166,
16 sept. 2024,373,
17 sept. 2024,352,
18 sept. 2024,311,
19 sept. 2024,360,
20 sept. 2024,330,
21 sept. 2024,208,
22 sept. 2024,240,
23 sept. 2024,423,
24 sept. 2024,349,
25 sept. 2024,284,
26 sept. 2024,294,
27 sept. 2024,237,
28 sept. 2024,143,
29 sept. 2024,160,
30 sept. 2024,337,
1 oct. 2024,256,
2 oct. 2024,277,
3 oct. 2024,240,
4 oct. 2024,265,
5 oct. 2024,181,
6 oct. 2024,184,
7 oct. 2024,338,
8 oct. 2024,275,
9 oct. 2024,303,
10 oct. 2024,220,
11 oct. 2024,258,
12 oct. 2024,149,
13 oct. 2024,143,
14 oct. 2024,268,
15 oct. 2024,212,
16 oct. 2024,218,
17 oct. 2024,207,
18 oct. 2024,211,
19 oct. 2024,116,
20 oct. 2024,121,
21 oct. 2024,190,
22 oct. 2024,172,
23 oct. 2024,147,
24 oct. 2024,124,
25 oct. 2024,134,
26 oct. 2024,86,
27 oct. 2024,87,
28 oct. 2024,132,
29 oct. 2024,124,
30 oct. 2024,116,
31 oct. 2024,110,
1 nov. 2024,65,
2 nov. 2024,67,
3 nov. 2024,55,
4 nov. 2024,125,
5 nov. 2024,82,
6 nov. 2024,86,
7 nov. 2024,98,
8 nov. 2024,90,
9 nov. 2024,50,
10 nov. 2024,60,
11 nov. 2024,52,
12 nov. 2024,109,
13 nov. 2024,89,
14 nov. 2024,95,
15 nov. 2024,72,
16 nov. 2024,37,
17 nov. 2024,47,
18 nov. 2024,100,
19 nov. 2024,99,
20 nov. 2024,96,
21 nov. 2024,75,
22 nov. 2024,66,
23 nov. 2024,43,
24 nov. 2024,57,
25 nov. 2024,79,
26 nov. 2024,91,
27 nov. 2024,73,
28 nov. 2024,87,
29 nov. 2024,75,
30 nov. 2024,44,
1 déc. 2024,49,
2 déc. 2024,94,
3 déc. 2024,85,
4 déc. 2024,72,
5 déc. 2024,77,
6 déc. 2024,57,
7 déc. 2024,44,
8 déc. 2024,66,
9 déc. 2024,79,
10 déc. 2024,61,
11 déc. 2024,76,
12 déc. 2024,71,
13 déc. 2024,64,
14 déc. 2024,41,
15 déc. 2024,51,
16 déc. 2024,101,
17 déc. 2024,77,
18 déc. 2024,95,
19 déc. 2024,65,
20 déc. 2024,50,
21 déc. 2024,55,
22 déc. 2024,53,
23 déc. 2024,72,
24 déc. 2024,62,
25 déc. 2024,48,
26 déc. 2024,70,
27 déc. 2024,73,
28 déc. 2024,46,
29 déc. 2024,45,
30 déc. 2024,77,
31 déc. 2024,72,
1 janv. 2025,47,
2 janv. 2025,72,
3 janv. 2025,55,
4 janv. 2025,34,
5 janv. 2025,51,
6 janv. 2025,67,
7 janv. 2025,51,
8 janv. 2025,43,
9 janv. 2025,41,
10 janv. 2025,29,
11 janv. 2025,27,
12 janv. 2025,48,
13 janv. 2025,67,
14 janv. 2025,61,
15 janv. 2025,40,
16 janv. 2025,45,
17 janv. 2025,42,
18 janv. 2025,26,
19 janv. 2025,36,
20 janv. 2025,56,
21 janv. 2025,63,
22 janv. 2025,43,
23 janv. 2025,55,
24 janv. 2025,61,
25 janv. 2025,28,
26 janv. 2025,37,
27 janv. 2025,57,
28 janv. 2025,38,
29 janv. 2025,38,
30 janv. 2025,48,
31 janv. 2025,45,
1 févr. 2025,11,
2 févr. 2025,20,
3 févr. 2025,52,
4 févr. 2025,35,
5 févr. 2025,39,
6 févr. 2025,43,
7 févr. 2025,34,
8 févr. 2025,15,
9 févr. 2025,16,
10 févr. 2025,1,1